"","V1","V2","V3"
"1",0.63928,0.837763,0.830517
"2",0.629543,0.830949,0.834327
"3",0.630791,0.832807,0.835251
"4",0.659953,0.845757,0.840266
"5",0.634338,0.836312,0.832696
"6",0.661808,0.845932,0.845399
"7",0.639606,0.837991,0.835784
"8",0.642113,0.839145,0.836189
"9",0.643036,0.839475,0.835828
"10",0.636442,0.837059,0.835989
"11",0.657589,0.845852,0.840859
"12",0.665007,0.845125,0.847174
"13",0.631211,0.834207,0.834967
"14",0.665053,0.847452,0.846373
"15",0.642586,0.839472,0.839703
"16",0.661656,0.845805,0.840604
"17",0.640946,0.829359,0.839849
"18",0.648994,0.831836,0.841906
"19",0.651279,0.843342,0.83826
"20",0.629906,0.830068,0.834499
"21",0.634803,0.829231,0.837336
"22",0.641854,0.839562,0.83118
"23",0.661009,0.84605,0.839031
"24",0.663771,0.847272,0.841661
"25",0.635709,0.832172,0.83699
"26",0.635499,0.834631,0.83582
"27",0.634889,0.834606,0.836349
"28",0.668581,0.848338,0.844727
"29",0.628838,0.831729,0.833652
"30",0.64836,0.841123,0.834919
"31",0.662514,0.845942,0.845857
"32",0.631054,0.834726,0.834713
"33",0.66774,0.848036,0.844524
"34",0.664779,0.847504,0.847501
"35",0.669646,0.849538,0.842223
"36",0.66519,0.847246,0.844852
"37",0.661927,0.846203,0.843537
"38",0.662318,0.844962,0.845581
"39",0.636169,0.837169,0.837145
"40",0.638612,0.837645,0.837001
"41",0.631036,0.83518,0.835115
"42",0.647309,0.840928,0.833388
"43",0.664985,0.843578,0.846388
"44",0.653832,0.843497,0.834629
"45",0.662593,0.846796,0.845021
"46",0.629039,0.828702,0.834835
"47",0.639566,0.833837,0.83884
"48",0.659469,0.844855,0.84104
"49",0.658582,0.845359,0.840365
"50",0.649184,0.842069,0.838049
"51",0.660428,0.84592,0.842544
"52",0.645655,0.832355,0.840757
"53",0.660121,0.840385,0.845457
"54",0.638026,0.837939,0.832381
"55",0.653063,0.837692,0.843488
"56",0.630407,0.831629,0.834861
"57",0.651294,0.833207,0.842426
"58",0.666707,0.847944,0.843783
"59",0.662441,0.846404,0.844441
"60",0.639826,0.838355,0.831679
"61",0.661713,0.846118,0.8457
"62",0.656958,0.844388,0.842705
"63",0.642362,0.83922,0.835769
"64",0.661047,0.846675,0.840907
"65",0.636792,0.837169,0.835013
"66",0.636691,0.837159,0.827952
"67",0.655414,0.841286,0.843593
"68",0.634481,0.834039,0.836362
"69",0.659106,0.843095,0.844869
"70",0.635122,0.833945,0.83604
"71",0.647981,0.832588,0.841932
"72",0.661196,0.846052,0.843878
"73",0.649156,0.841116,0.83974
"74",0.65866,0.84258,0.844923
"75",0.667045,0.847417,0.846847
"76",0.638346,0.837503,0.835461
"77",0.639328,0.837785,0.838021
"78",0.640879,0.838834,0.838685
"79",0.635536,0.836457,0.834272
"80",0.661128,0.842801,0.845711
"81",0.649438,0.842265,0.834508
"82",0.635499,0.834631,0.83582
"83",0.660344,0.845595,0.845205
"84",0.63823,0.833894,0.837837
"85",0.644653,0.839984,0.827807
"86",0.663486,0.846913,0.844243
"87",0.66381,0.846654,0.84469
"88",0.632953,0.830672,0.835743
"89",0.651494,0.840655,0.842839
"90",0.6336,0.833621,0.83656
"91",0.668009,0.845899,0.847595
"92",0.633394,0.832863,0.835932
"93",0.634065,0.836007,0.836697
"94",0.664408,0.846067,0.847138
"95",0.637795,0.835123,0.837293
"96",0.661825,0.846343,0.844012
"97",0.638166,0.835106,0.837309
"98",0.656075,0.844447,0.844031
"99",0.642373,0.83849,0.829349
"100",0.660227,0.842737,0.845386
"101",0.631309,0.832007,0.834826
"102",0.631068,0.833992,0.835151
"103",0.642724,0.839159,0.834797
"104",0.663351,0.844425,0.846072
"105",0.638967,0.837815,0.834635
"106",0.636256,0.831712,0.837221
"107",0.664245,0.846748,0.845149
"108",0.661502,0.845676,0.841528
"109",0.637679,0.837259,0.83396
"110",0.655456,0.841121,0.843426
"111",0.650851,0.841864,0.842219
"112",0.644405,0.840444,0.829598
"113",0.659086,0.845345,0.844034
"114",0.662441,0.844814,0.845844
"115",0.65928,0.845326,0.840465
"116",0.654801,0.843911,0.843661
"117",0.659011,0.845594,0.843653
"118",0.664274,0.846805,0.844116
"119",0.635621,0.836443,0.834976
"120",0.661015,0.846179,0.839478
"121",0.649993,0.842485,0.838789
"122",0.647025,0.83375,0.841318
"123",0.63073,0.83238,0.834275
"124",0.659804,0.84401,0.84535
"125",0.655875,0.843671,0.842204
"126",0.660432,0.845454,0.844057
"127",0.634553,0.836029,0.836419
"128",0.664058,0.846629,0.846506
"129",0.635156,0.835504,0.836567
"130",0.664375,0.847319,0.84359
"131",0.663911,0.84405,0.84618
"132",0.660812,0.844085,0.845525
"133",0.663422,0.84579,0.846418
"134",0.639417,0.838804,0.838466
"135",0.663116,0.846342,0.843212
"136",0.634663,0.833859,0.836299
"137",0.630989,0.83092,0.834299
"138",0.635345,0.834514,0.837072
"139",0.641997,0.835296,0.83918
"140",0.639303,0.838405,0.832257
"141",0.650925,0.842228,0.833683
"142",0.662922,0.846183,0.844978
"143",0.663187,0.846264,0.843742
"144",0.646792,0.832856,0.84137
"145",0.660517,0.845753,0.844283
"146",0.664492,0.846831,0.843496
"147",0.663764,0.847363,0.842982
"148",0.664089,0.846744,0.843894
"149",0.633812,0.833545,0.835949
"150",0.636852,0.83293,0.836918
"151",0.655747,0.844612,0.837645
"152",0.631628,0.833212,0.835034
"153",0.640059,0.83838,0.830696
"154",0.656274,0.843939,0.844028
"155",0.641886,0.839319,0.829023
"156",0.663356,0.84657,0.844043
"157",0.657233,0.837129,0.843962
"158",0.642295,0.839311,0.830124
"159",0.652857,0.83289,0.843007
"160",0.661871,0.846439,0.844078
"161",0.639851,0.839035,0.830808
"162",0.65863,0.844783,0.843808
"163",0.655348,0.835508,0.843826
"164",0.654934,0.840188,0.844042
"165",0.664329,0.847195,0.843583
"166",0.661219,0.845862,0.845492
"167",0.640029,0.836586,0.838777
"168",0.632415,0.833572,0.835717
"169",0.63086,0.833412,0.834321
"170",0.667171,0.846167,0.847524
"171",0.65425,0.836039,0.843883
"172",0.634241,0.835502,0.835875
"173",0.631516,0.832668,0.834494
"174",0.664176,0.846618,0.843076
"175",0.655396,0.843575,0.843238
"176",0.632054,0.832061,0.83539
"177",0.655975,0.84023,0.843571
"178",0.664642,0.847221,0.84672
"179",0.629246,0.831178,0.834167
"180",0.641219,0.830304,0.839556
"181",0.646094,0.840575,0.832579
"182",0.637087,0.837198,0.835803
"183",0.662416,0.845409,0.846112
"184",0.638666,0.837671,0.835871
"185",0.638665,0.838645,0.831185
"186",0.632445,0.832176,0.836018
"187",0.649122,0.831788,0.841862
"188",0.642062,0.839617,0.82974
"189",0.664892,0.847491,0.847424
"190",0.665556,0.847511,0.845222
"191",0.650225,0.842585,0.835149
"192",0.64261,0.839977,0.828667
"193",0.662733,0.846572,0.844326
"194",0.657023,0.840781,0.844956
"195",0.634252,0.835819,0.83522
"196",0.655371,0.843678,0.839417
"197",0.649517,0.841703,0.839053
"198",0.665104,0.847395,0.844493
"199",0.666903,0.847281,0.846337
"200",0.660965,0.845511,0.845745
"201",0.640548,0.83248,0.838833
"202",0.660532,0.845691,0.845683
"203",0.66219,0.844991,0.846492
"204",0.643374,0.839768,0.83287
"205",0.631258,0.834568,0.834141
"206",0.64958,0.832942,0.842047
"207",0.63275,0.8346,0.835421
"208",0.635306,0.836208,0.835785
"209",0.646059,0.83296,0.840967
"210",0.663915,0.846882,0.845574
"211",0.637322,0.837481,0.835579
"212",0.64237,0.839706,0.829882
"213",0.644616,0.840462,0.830199
"214",0.646954,0.841228,0.832775
"215",0.630817,0.834459,0.834758
"216",0.638982,0.835484,0.838751
"217",0.652302,0.830543,0.842943
"218",0.629877,0.831919,0.834843
"219",0.65278,0.839797,0.843294
"220",0.650809,0.841948,0.839973
"221",0.642602,0.839483,0.831491
"222",0.662109,0.846349,0.84234
"223",0.665671,0.84799,0.842429
"224",0.661478,0.846414,0.843938
"225",0.634915,0.83652,0.836194
"226",0.650902,0.842431,0.841693
"227",0.658911,0.845025,0.842895
"228",0.65258,0.841678,0.842675
"229",0.631907,0.833459,0.835499
"230",0.665203,0.847733,0.841485
"231",0.651735,0.8325,0.842955
"232",0.63131,0.833431,0.834591
"233",0.667659,0.848085,0.843948
"234",0.634506,0.836362,0.83654
"235",0.63982,0.837953,0.827173
"236",0.663543,0.846681,0.843607
"237",0.667215,0.848036,0.843463
"238",0.663909,0.846474,0.843292
"239",0.660688,0.846675,0.840785
"240",0.632936,0.835217,0.833139
"241",0.666362,0.847456,0.846208
"242",0.63514,0.836391,0.836165
"243",0.658491,0.845272,0.841683
"244",0.663903,0.847092,0.844516
"245",0.664379,0.846353,0.841674
"246",0.666801,0.848308,0.843431
"247",0.636721,0.83652,0.838252
"248",0.663184,0.846691,0.844135
"249",0.650814,0.84226,0.836465
"250",0.644565,0.840056,0.834605
"251",0.645027,0.841096,0.838526
"252",0.650017,0.842911,0.831977
"253",0.657797,0.844846,0.839364
"254",0.663643,0.846998,0.844709
"255",0.657653,0.838074,0.844514
"256",0.64613,0.833099,0.84104
"257",0.647171,0.832535,0.841219
"258",0.638141,0.838022,0.833175
"259",0.658349,0.845319,0.842565
"260",0.667193,0.846842,0.847125
"261",0.630632,0.835385,0.834304
"262",0.663209,0.847077,0.8435
"263",0.638649,0.837697,0.83423
"264",0.666274,0.846887,0.847416
"265",0.643426,0.840056,0.830943
"266",0.652108,0.836233,0.842761
"267",0.661711,0.846586,0.844944
"268",0.638106,0.835097,0.837647
"269",0.66237,0.846532,0.84554
"270",0.666966,0.847999,0.847943
"271",0.645945,0.840623,0.829176
"272",0.659916,0.845363,0.844222
"273",0.647956,0.842054,0.834908
"274",0.653542,0.844086,0.835489
"275",0.638191,0.838257,0.838612
"276",0.640087,0.837992,0.834525
"277",0.63544,0.833759,0.836671
"278",0.638211,0.837801,0.827423
"279",0.642509,0.839138,0.834769
"280",0.644526,0.840653,0.832143
"281",0.665804,0.84721,0.844348
"282",0.63542,0.833489,0.837349
"283",0.634103,0.833828,0.836249
"284",0.659973,0.846122,0.840737
"285",0.660093,0.845514,0.844694
"286",0.666596,0.847819,0.843239
"287",0.653288,0.839715,0.843362
"288",0.658672,0.838277,0.844511
"289",0.661662,0.845953,0.841428
"290",0.655109,0.835649,0.843774
"291",0.654276,0.843282,0.837781
"292",0.661402,0.846186,0.843484
"293",0.654695,0.83997,0.843603
"294",0.662296,0.84614,0.845881
"295",0.630354,0.833103,0.834406
"296",0.660264,0.845816,0.841873
"297",0.637479,0.836615,0.837561
"298",0.632903,0.833916,0.834949
"299",0.66064,0.843414,0.845328
"300",0.661907,0.846077,0.844491
"301",0.658144,0.840754,0.844906
"302",0.651736,0.835218,0.843016
"303",0.642322,0.837169,0.839066
"304",0.634737,0.831061,0.836399
"305",0.655242,0.843974,0.843441
"306",0.638079,0.837666,0.832516
"307",0.630705,0.830948,0.834463
"308",0.660518,0.843007,0.845457
"309",0.633122,0.833008,0.8356
"310",0.631011,0.831585,0.835438
"311",0.630179,0.829973,0.835235
"312",0.663365,0.846195,0.8452
"313",0.635682,0.836245,0.837242
"314",0.666351,0.847556,0.846008
"315",0.662854,0.846054,0.845542
"316",0.659547,0.845403,0.840507
"317",0.639167,0.836297,0.838687
"318",0.660774,0.846015,0.842052
"319",0.634144,0.832601,0.836336
"320",0.641083,0.838584,0.835964
"321",0.643173,0.839937,0.830364
"322",0.655614,0.844215,0.837187
"323",0.629732,0.831255,0.834181
"324",0.660741,0.845552,0.843768
"325",0.654578,0.834064,0.843479
"326",0.660519,0.845624,0.842657
"327",0.643545,0.833509,0.840821
"328",0.647725,0.841871,0.835266
"329",0.662707,0.846602,0.845165
"330",0.645645,0.840685,0.838476
"331",0.640084,0.833476,0.838618
"332",0.642736,0.839774,0.831435
"333",0.663991,0.846667,0.845114
"334",0.653863,0.842559,0.843157
"335",0.63763,0.837657,0.832763
"336",0.640058,0.838551,0.830976
"337",0.660164,0.843722,0.845549
"338",0.652293,0.843422,0.835924
"339",0.634636,0.834808,0.836632
"340",0.65951,0.844311,0.845377
"341",0.657875,0.84242,0.844778
"342",0.656952,0.844966,0.839224
"343",0.636777,0.837403,0.835029
"344",0.656276,0.844367,0.841575
"345",0.636002,0.836378,0.836904
"346",0.649458,0.84211,0.830682
"347",0.657347,0.842646,0.844782
"348",0.643402,0.839532,0.830721
"349",0.649203,0.834146,0.841969
"350",0.659999,0.845827,0.842803
"351",0.656919,0.844639,0.842722
"352",0.663983,0.846783,0.843906
"353",0.634512,0.83293,0.836022
"354",0.657101,0.844688,0.843185
"355",0.652028,0.841903,0.842652
"356",0.638501,0.837744,0.830916
"357",0.662178,0.84599,0.845426
"358",0.659901,0.839867,0.844821
"359",0.653801,0.84287,0.838203
"360",0.666256,0.84742,0.845045
"361",0.664208,0.846883,0.84557
"362",0.667503,0.847739,0.847365
"363",0.644524,0.840557,0.835366
"364",0.662676,0.84683,0.845004
"365",0.633168,0.835993,0.835029
"366",0.635248,0.835605,0.836021
"367",0.650012,0.842259,0.825852
"368",0.649969,0.841728,0.835885
"369",0.659176,0.845573,0.8409
"370",0.648168,0.840865,0.834615
"371",0.641466,0.838966,0.830797
"372",0.644232,0.840063,0.832463
"373",0.661794,0.845613,0.846453
"374",0.646741,0.841061,0.830231
"375",0.654624,0.838082,0.843726
"376",0.663848,0.845334,0.846301
"377",0.644851,0.840329,0.838888
"378",0.629757,0.83172,0.834131
"379",0.667659,0.848078,0.845432
"380",0.654989,0.844134,0.840122
"381",0.662157,0.846032,0.84562
"382",0.649071,0.833287,0.841629
"383",0.643467,0.840213,0.831614
"384",0.633627,0.831716,0.836204
"385",0.662153,0.846446,0.843991
"386",0.66382,0.846536,0.846005
"387",0.663892,0.846528,0.846258
"388",0.637053,0.836433,0.838378
"389",0.644206,0.840231,0.831563
"390",0.639214,0.833514,0.83812
"391",0.651443,0.832174,0.842031
"392",0.656598,0.844178,0.84152
"393",0.634166,0.832009,0.837509
"394",0.65287,0.835115,0.842957
"395",0.649678,0.840509,0.842009
"396",0.628983,0.829664,0.834965
"397",0.665037,0.847549,0.839603
"398",0.640572,0.838732,0.837195
"399",0.636371,0.833468,0.837036
"400",0.66181,0.846757,0.844553
"401",0.632689,0.835097,0.831536
"402",0.636669,0.836071,0.837322
"403",0.66627,0.847485,0.846263
"404",0.651255,0.837617,0.842797
"405",0.632544,0.833585,0.835459
"406",0.631876,0.830704,0.835735
"407",0.660001,0.845488,0.842632
"408",0.643131,0.839927,0.836085
"409",0.664022,0.846799,0.844088
"410",0.640926,0.838982,0.83367
"411",0.634245,0.834273,0.83658
"412",0.659653,0.845434,0.839596
"413",0.635581,0.833179,0.837078
"414",0.647392,0.841362,0.835508
"415",0.662581,0.846065,0.846262
"416",0.66123,0.841125,0.845593
"417",0.647031,0.841214,0.839024
"418",0.665388,0.847487,0.844494
"419",0.649758,0.832044,0.842224
"420",0.655947,0.833917,0.844106
"421",0.661437,0.845176,0.845587
"422",0.657702,0.842206,0.844492
"423",0.665758,0.846664,0.847109
"424",0.644837,0.829911,0.841015
"425",0.659823,0.84645,0.840199
"426",0.651224,0.838373,0.842915
"427",0.629953,0.828051,0.834621
"428",0.642546,0.839651,0.830657
"429",0.64653,0.840956,0.834781
"430",0.641727,0.839227,0.831249
"431",0.658578,0.845172,0.843536
"432",0.633983,0.835562,0.835765
"433",0.639631,0.838755,0.83048
"434",0.644191,0.840608,0.829642
"435",0.642496,0.838962,0.828303
"436",0.658493,0.844038,0.844577
"437",0.665802,0.84649,0.847046
"438",0.642284,0.839516,0.832121
"439",0.640702,0.838108,0.838795
"440",0.641746,0.838876,0.835662
"441",0.640649,0.839007,0.832012
"442",0.659611,0.845607,0.844542
"443",0.664708,0.847256,0.843276
"444",0.649112,0.834032,0.841945
"445",0.655255,0.837078,0.843901
"446",0.663654,0.84678,0.845104
"447",0.640404,0.838743,0.838174
"448",0.667118,0.847576,0.84708
"449",0.638334,0.837359,0.835343
"450",0.637898,0.838,0.835726
"451",0.630267,0.831264,0.834592
"452",0.651289,0.842665,0.837484
"453",0.659749,0.84536,0.843337
"454",0.654176,0.84069,0.843459
"455",0.637017,0.837574,0.834929
"456",0.654578,0.836582,0.843621
"457",0.659534,0.845487,0.843631
"458",0.638534,0.837949,0.838377
"459",0.662453,0.845891,0.843344
"460",0.635339,0.837476,0.834787
"461",0.635678,0.833073,0.836324
"462",0.654037,0.842442,0.843806
"463",0.663442,0.846314,0.844855
"464",0.633705,0.834177,0.836253
"465",0.635599,0.831051,0.836769
"466",0.652934,0.842934,0.837029
"467",0.641484,0.838462,0.831371
"468",0.645688,0.8407,0.836226
"469",0.640294,0.834204,0.838756
"470",0.638941,0.837623,0.834241
"471",0.637359,0.837067,0.837977
"472",0.657969,0.844992,0.842282
"473",0.644309,0.840281,0.83088
"474",0.635058,0.836377,0.835562
"475",0.638721,0.835275,0.837158
"476",0.659643,0.845241,0.844941
"477",0.668678,0.848629,0.844332
"478",0.649257,0.841912,0.832758
"479",0.632012,0.834596,0.835309
"480",0.666606,0.847392,0.84763
"481",0.638898,0.834549,0.838172
"482",0.638826,0.836477,0.837956
"483",0.641235,0.838437,0.828985
"484",0.640132,0.83888,0.830359
"485",0.644569,0.840462,0.831267
"486",0.665284,0.847384,0.844736
"487",0.662937,0.846196,0.843822
"488",0.630557,0.832247,0.835138
"489",0.637797,0.837158,0.837396
"490",0.639286,0.838042,0.83305
"491",0.641135,0.838997,0.8358
"492",0.656265,0.844756,0.841812
"493",0.662167,0.846243,0.845493
"494",0.636644,0.834712,0.837633
"495",0.639511,0.838197,0.837285
"496",0.637609,0.837609,0.831825
"497",0.657826,0.844898,0.842494
"498",0.650912,0.841288,0.843568
"499",0.637211,0.835333,0.837609
"500",0.638297,0.832632,0.838162
"501",0.0096599,0.999145,0.0131906
"502",-0.0101302,0.999512,-0.0120084
"503",0.0174157,0.999757,0.0181735
"504",0.000265802,0.999051,-0.000481355
"505",0.000749188,0.998744,-0.0115792
"506",0.00508205,0.999391,0.0119641
"507",0.0106058,0.99932,-0.00930907
"508",-0.00638937,0.99919,-0.0140427
"509",-0.0106143,0.999322,0.00674508
"510",-0.0025368,0.998976,-0.0134376
"511",0.00341385,0.999403,0.0127922
"512",0.0103621,0.999908,0.00556061
"513",0.00269397,0.99913,0.0110761
"514",-0.0115171,0.999324,-0.00885267
"515",0.00700026,0.999132,0.00992405
"516",-0.010967,0.999441,-0.0145275
"517",0.00367263,0.999243,0.015278
"518",-0.0128086,0.999312,-0.00923963
"519",-0.0063839,0.998836,-0.0103136
"520",0.0125322,0.999518,0.0103925
"521",0.0114624,0.9995,-0.00475574
"522",0.0129506,0.999262,-0.00383766
"523",-0.00252204,0.999087,-0.00581856
"524",0.0112552,0.999275,-0.00277584
"525",0.0078665,0.999116,0.0100762
"526",-0.0118941,0.999754,-0.0108741
"527",-0.000267556,0.998927,0.00878374
"528",0.006499,0.999523,0.0181976
"529",0.0079803,0.999178,0.0071205
"530",-0.00290709,0.99931,-0.00812245
"531",-0.00784452,0.998984,-0.0121961
"532",-0.00936395,0.999538,0.0120371
"533",-0.0114965,0.998956,0.00591723
"534",0.00518777,0.999553,0.0158003
"535",-0.0077623,0.999478,-0.0131251
"536",0.00336328,0.999194,0.00295263
"537",-0.00986007,0.999424,0.00527375
"538",0.0137825,0.999335,0.0162398
"539",0.010819,0.999558,0.00140763
"540",0.00299716,0.9992,-0.0119255
"541",-0.0134403,0.99964,-0.0138974
"542",0.0116199,0.999362,0.00613064
"543",0.0119425,0.999446,0.0146703
"544",-0.0126402,0.999364,-0.0174178
"545",0.0110034,0.99951,0.0115226
"546",0.0101377,0.999242,0.0161415
"547",0.00502579,0.999069,0.00261281
"548",-0.00550172,0.998804,-0.0151237
"549",0.0139336,0.999093,0.0151142
"550",-0.0103427,0.999299,-0.0143231
"551",0.00472863,0.999611,-0.00396759
"552",-0.0118504,0.999089,-0.00801374
"553",-0.00131183,0.9986,-0.00531678
"554",-0.0145771,0.999307,-0.0178506
"555",-0.0111692,0.999434,0.00508859
"556",0.0108319,0.999217,0.0120439
"557",-0.0061892,0.999016,-0.0112575
"558",-0.00938312,0.99877,-0.0133404
"559",-0.00591133,0.999416,-0.00482615
"560",-0.00637082,0.999211,-0.00363552
"561",0.0122934,0.999319,-0.00107485
"562",-0.00640858,0.999405,-0.0126255
"563",-0.0135867,0.999377,0.00503686
"564",0.0106277,0.999477,0.0109869
"565",-0.00854771,0.999249,-0.01208
"566",0.00340466,0.999097,0.00886126
"567",-0.0111775,0.999383,-0.0160211
"568",0.0109082,0.999714,0.0160339
"569",0.00301957,0.99898,0.0110227
"570",-0.00765181,0.998953,0.00380936
"571",0.0117346,0.999009,0.00511721
"572",-0.00600957,0.999043,0.00748971
"573",-0.00335421,0.99883,0.000179314
"574",0.00518237,0.999049,-0.0122869
"575",-0.00788476,0.999558,0.0038396
"576",0.0105497,0.999701,0.00696905
"577",0.00603775,0.999038,0.011157
"578",-0.00285275,0.999246,-0.00942926
"579",0.00708585,0.999273,0.0149355
"580",-0.010769,0.999561,-0.0151724
"581",-0.0101311,0.999514,0.00361036
"582",-0.00485074,0.999027,0.0116286
"583",0.00853485,0.9994,-0.00315472
"584",0.00524688,0.999083,0.00662497
"585",0.0106852,0.999062,0.0128252
"586",0.000648515,0.999211,0.00790335
"587",-0.000314777,0.99909,0.00152969
"588",-0.0174491,0.999816,-0.0159068
"589",0.00680269,0.999216,0.00573064
"590",-0.0117219,0.999244,-0.0123066
"591",0.00445997,0.99936,0.0123791
"592",0.0136388,0.999531,-0.00660326
"593",0.00126672,0.999095,0.00705894
"594",-0.00665589,0.998899,-0.0109947
"595",-0.00108167,0.998898,-0.00330496
"596",-0.010162,0.999038,-0.0131689
"597",0.0119885,0.99997,-0.00449099
"598",-0.00527718,0.998343,0.00741073
"599",-0.0127856,0.999408,-0.0152434
"600",-0.0104506,0.999101,-0.0150355
"601",0.0104609,0.999402,-0.00285215
"602",-0.00594425,0.998945,0.00132219
"603",0.00717348,0.999206,0.00311188
"604",-0.00712341,0.999017,-0.012176
"605",0.000955193,0.999105,0.0126315
"606",0.01129,0.999201,0.0128996
"607",0.010946,0.999214,-0.0100826
"608",-0.0105309,0.999001,-0.00989199
"609",-0.0087824,0.999692,-0.00861563
"610",0.0120848,0.999325,-0.0039063
"611",-0.00523128,0.999186,-0.0114828
"612",0.00496668,0.999121,0.00353786
"613",-0.00671476,0.999586,-0.0152325
"614",0.00147675,0.999341,0.00383461
"615",0.0139869,0.999525,-0.00563864
"616",0.00865993,0.999267,-0.00113343
"617",0.00747714,0.999337,0.00654681
"618",-0.0128157,0.999156,-0.00322752
"619",-0.0104058,0.999129,-0.00767308
"620",-0.000423258,0.998974,-0.0034337
"621",0.00889076,0.999034,0.000403348
"622",0.00974416,0.998615,0.00738837
"623",0.0105093,0.999807,0.0121918
"624",-0.00398504,0.999294,0.00919757
"625",-0.00873072,0.999381,0.0060924
"626",0.00615461,0.999215,0.0101598
"627",0.00139736,0.999314,0.00669789
"628",0.00213068,0.999131,-0.0137552
"629",0.00487592,0.998994,0.00867882
"630",-0.00343661,0.998984,-0.00354626
"631",-0.00938052,0.999314,-0.0127117
"632",0.00714254,0.999003,0.011606
"633",0.00874901,0.999127,0.0145564
"634",-0.00775161,0.999041,0.00712116
"635",0.00201404,0.998942,0.00239631
"636",0.00502575,0.999464,0.014939
"637",0.00986028,0.999256,0.0057399
"638",0.00996096,0.999865,-0.00228174
"639",0.00887585,0.999073,-0.00744383
"640",-0.0125722,0.999431,0.0049768
"641",-0.00444984,0.999034,-0.00567956
"642",0.00968024,0.999186,-0.0103785
"643",-0.00996262,0.999299,-0.0142378
"644",0.0084186,0.99916,-0.00589825
"645",0.00350499,0.999142,-0.00789275
"646",-0.0126037,0.999003,-0.0121368
"647",-0.00802715,0.998623,-0.0063748
"648",0.013315,0.999266,0.0162149
"649",0.0112708,0.999139,0.0135631
"650",-0.00220978,0.999016,0.00107891
"651",-0.0127488,0.999346,0.00511268
"652",0.0122646,0.999364,0.0108116
"653",-0.00836856,0.999203,-0.00168887
"654",0.00986307,0.999194,0.0144325
"655",-0.0103098,0.999203,0.00715196
"656",-0.00116619,0.998365,-0.00771875
"657",-0.000969245,0.998844,0.00472114
"658",-0.014235,0.999119,-0.00908363
"659",0.0124827,0.9991,0.00910858
"660",-0.0111127,0.999116,-0.0152229
"661",-0.00116729,0.999545,-0.00675363
"662",0.00210682,0.999229,0.00447443
"663",0.00288625,0.999033,-0.0082523
"664",-0.0128727,0.999029,-0.016254
"665",0.00970122,0.999247,0.00792111
"666",-0.00861908,0.998941,0.00108734
"667",0.0120839,0.999468,0.0129089
"668",0.00101155,0.99926,-0.0139861
"669",-0.00977815,0.999118,0.00061701
"670",-0.00265513,0.999297,-0.0111196
"671",0.00455026,0.999251,0.00301541
"672",0.0130617,0.999218,0.0137531
"673",-0.00966621,0.999118,0.0105102
"674",0.0034211,0.999551,-0.0010952
"675",0.0100858,0.999102,-0.00885942
"676",-0.00135061,0.999041,-0.0049694
"677",0.00592028,0.99923,0.0067527
"678",0.00816816,0.999105,0.00694738
"679",-0.0105577,0.999658,-0.018342
"680",-0.00688727,0.999035,-0.0119637
"681",0.0163715,0.999687,0.0142109
"682",0.0159048,0.999559,-0.00711963
"683",0.00751292,0.999271,0.0123676
"684",0.00668138,0.999016,0.010421
"685",-0.00727341,0.999095,0.00573236
"686",0.0107303,0.998923,0.00137407
"687",-0.0117711,0.999309,-0.016223
"688",0.00836419,0.999319,0.0133197
"689",-0.0081621,0.999482,-0.0104125
"690",0.00138811,0.998739,-0.0116977
"691",0.00995931,0.999157,0.00301655
"692",0.00767452,0.999399,0.0131463
"693",-0.00995207,0.999929,-0.0102922
"694",0.00170148,0.99952,-0.00419471
"695",0.0111166,0.999644,0.0133246
"696",0.00865638,0.99915,0.00272509
"697",0.00900601,0.998914,0.00432101
"698",0.00838711,0.998952,0.0133111
"699",-0.00872579,0.999417,0.00192744
"700",0.00990857,0.999319,0.00428943
"701",0.00880768,0.999144,0.0125019
"702",0.0122771,0.99909,0.00464153
"703",-0.00507848,0.9994,-0.0137289
"704",-0.0125658,0.999027,-0.0120748
"705",-0.0102775,0.999405,-0.0111873
"706",0.00350401,0.999193,0.009139
"707",0.013882,0.999758,0.00715011
"708",-0.00910987,0.99932,0.00465489
"709",-0.00937047,0.999339,0.00523302
"710",0.00862604,0.999096,-0.00425478
"711",0.000556443,0.999099,-0.00996379
"712",-0.0126209,0.999523,-4.53405e-06
"713",0.00829508,0.999258,0.0118882
"714",-0.0119406,0.999789,-0.0101322
"715",0.0101523,0.999277,0.00238357
"716",-0.00821398,0.999328,-0.0145616
"717",0.01207,0.999407,-0.00232157
"718",0.00743337,0.999786,0.00558463
"719",-0.00973096,0.99892,0.00156274
"720",-0.0108232,0.999192,-0.013799
"721",-0.0111105,0.999635,-0.0114279
"722",-0.00980911,0.99916,-0.0127435
"723",-0.0137638,0.999389,-0.0106314
"724",-0.0102217,0.999102,-0.0150453
"725",0.0127668,0.999717,-0.000195169
"726",-0.00235474,0.998559,-0.0130205
"727",0.0155249,0.998912,0.0160126
"728",-0.00958683,0.999618,-0.0150938
"729",0.00800066,0.999834,0.012767
"730",-0.003622,0.998361,-0.0146539
"731",-0.0111821,0.99967,0.00362654
"732",0.00864361,0.999128,0.00667648
"733",-0.0045789,0.998832,-0.0109898
"734",-0.0123532,0.999448,0.00471166
"735",0.00998456,0.999878,0.0148853
"736",0.00943512,0.999282,-0.00686061
"737",-0.00764556,0.999191,-0.00954695
"738",-0.000854481,0.999247,-0.011467
"739",0.00691686,0.99899,0.0113325
"740",0.0101928,0.999401,0.0125637
"741",0.00195191,0.999293,0.00529497
"742",0.00753773,0.999411,0.00888142
"743",-0.00825717,0.999499,0.000269344
"744",-0.00845805,0.99923,0.00527855
"745",-0.00289438,0.999183,0.00788153
"746",0.00881607,0.999068,0.01383
"747",0.0114814,0.999643,0.0146506
"748",-0.0138313,0.999621,-0.0138244
"749",-0.00500668,0.999191,-0.0137346
"750",0.00345198,0.999022,0.0146261
"751",0.0106794,0.999503,-0.00519636
"752",0.00909398,0.999345,0.0124965
"753",0.00830337,0.998894,0.00995035
"754",0.00799002,0.999539,0.00282967
"755",-0.000722037,0.999088,-0.00608424
"756",-0.00661656,0.999044,-0.0124351
"757",-0.0152878,0.999368,-0.00425535
"758",-0.00233949,0.998926,-0.0124182
"759",-0.000608659,0.999084,-0.0112706
"760",-0.00424639,0.998983,-0.0108993
"761",-0.0078655,0.999001,-0.0137315
"762",-0.00104408,0.999012,-0.0019406
"763",-0.000694696,0.999257,0.00280873
"764",-0.0107646,0.999407,-0.0157086
"765",0.0115014,0.999367,-0.00553585
"766",-0.012923,0.999413,-0.00233897
"767",0.012218,0.999304,0.0165638
"768",-0.0113701,0.999624,-0.00915512
"769",0.0092006,0.999246,-0.00337201
"770",-0.00423495,0.998387,0.000502623
"771",-0.0133823,0.999418,0.00951583
"772",-0.0100932,0.999538,-0.0122677
"773",0.0117928,0.999093,-0.00973223
"774",-0.0090219,0.999301,-0.0108997
"775",-0.00998494,0.999118,-0.0130421
"776",-0.00557267,0.999173,-0.0109806
"777",-0.000966155,0.998994,-0.0123144
"778",0.0113917,0.999274,0.00166673
"779",0.00529934,0.99875,-0.00615855
"780",-0.012071,0.999346,-0.0129059
"781",0.014681,0.999245,0.00676478
"782",-0.000367487,0.998904,-0.00282744
"783",-0.0102888,0.999887,0.00545609
"784",0.00863096,0.999254,0.0165266
"785",0.0108845,0.999583,0.0132555
"786",0.00801221,0.999188,-0.00374303
"787",-0.0123941,0.999226,-0.0114942
"788",-0.0140733,0.9993,-0.0134166
"789",-0.00344224,0.999217,-0.0110542
"790",0.00672037,0.999189,-0.00214987
"791",0.00655971,0.999272,0.00856896
"792",0.0113996,0.999145,-0.00521704
"793",0.0025876,0.999062,0.00268425
"794",-0.0149039,0.99986,0.00307082
"795",-0.0113407,0.999576,0.0020138
"796",0.00356614,0.999433,0.0173946
"797",-0.0115898,0.99925,-0.0129989
"798",0.0147379,0.99938,0.0197384
"799",-0.0116556,0.99937,-0.0119448
"800",0.0100739,0.999678,0.012916
"801",0.00851519,0.999124,0.01512
"802",-0.011927,0.999217,-0.0130879
"803",0.0101575,0.999205,-0.00259334
"804",-0.0106017,0.999408,-0.01101
"805",0.0104318,0.999271,0.0127681
"806",0.00747446,0.999108,0.00502056
"807",-0.00624582,0.999202,-0.0111138
"808",-0.00565807,0.999155,-0.00113266
"809",-0.0121424,1.00004,-0.0116412
"810",-0.00340434,0.999258,0.0112884
"811",0.00975358,0.999029,0.0120387
"812",-0.00945814,0.999274,-0.010186
"813",0.00673515,0.999133,0.0121435
"814",-0.00638946,0.999612,-0.0107784
"815",0.0106971,0.99921,0.0128486
"816",0.00626264,0.999271,0.0137236
"817",-0.0115275,0.99928,-0.00912811
"818",0.000596784,0.998836,-0.0128752
"819",0.0138314,0.999541,0.00278838
"820",-0.0102615,0.999211,-0.0104182
"821",0.0109135,0.999387,0.010565
"822",0.00988098,0.998867,0.00900582
"823",-0.0125807,0.999443,0.0013014
"824",0.0029567,0.999253,-0.00689121
"825",0.0110283,0.999347,-0.00322603
"826",0.0127644,0.999422,-0.00242536
"827",0.0013624,0.99942,-0.00872119
"828",0.0129993,0.999778,0.00508307
"829",0.00458679,0.99935,0.0132629
"830",0.0119443,0.999655,0.0151672
"831",-0.00760248,0.998545,-0.0132981
"832",0.0125813,0.999598,-0.00152401
"833",0.0132945,0.999404,0.0130914
"834",-0.0122359,0.999413,0.00459436
"835",0.00720486,0.999768,0.00566516
"836",-0.00420361,0.999035,-0.00560311
"837",-0.00747517,0.998859,0.000527053
"838",0.00082336,0.999024,0.00294457
"839",0.00857654,0.999478,-0.00590929
"840",0.0104803,0.999257,0.0174211
"841",-0.0147962,0.999292,-0.0145637
"842",0.0144029,0.999521,0.0171606
"843",0.012908,0.999542,-0.00818003
"844",-0.00990495,0.999664,0.00703962
"845",-0.00924524,0.998915,0.00698895
"846",0.00277668,0.99903,0.0032274
"847",-0.0118537,0.99916,-0.0162742
"848",-0.00812661,0.999386,0.010131
"849",-0.00380525,0.999439,5.53943e-05
"850",-0.00919835,0.999489,-0.0101422
"851",-0.0103117,0.999059,-0.012953
"852",0.00556915,0.999173,0.0147644
"853",0.000195342,0.999054,-0.00468582
"854",0.00236724,0.998996,0.00483123
"855",-0.0101013,0.999324,-0.00120523
"856",0.0111897,0.999253,-0.00562441
"857",-0.00932251,0.999241,-0.000413098
"858",0.000355234,0.999128,-0.00963868
"859",-0.0100997,0.998793,-0.0179392
"860",-0.00829407,0.998841,-0.0183163
"861",0.00579263,0.999353,0.00065154
"862",-0.0134522,0.999549,0.00255138
"863",0.00857114,0.99958,0.00989725
"864",0.00606142,0.998971,-0.000339026
"865",-0.00127114,0.999128,-0.00701859
"866",-0.0134696,0.999353,-0.0140847
"867",0.00656792,0.999364,-0.00489096
"868",0.0119676,0.999592,-0.00617132
"869",0.0042694,0.999412,-0.00887076
"870",0.0103061,0.999161,0.0133726
"871",0.0120989,0.999333,0.015816
"872",0.00823057,0.999176,0.00229619
"873",-0.00977054,0.999487,-0.0077461
"874",0.00792876,0.99915,0.0131639
"875",0.00661236,0.999299,0.0143176
"876",0.00636481,0.99904,-0.00595701
"877",-0.00880399,0.998835,-0.00566831
"878",0.00566265,0.998914,0.0132697
"879",0.0146893,0.999837,0.0153317
"880",0.00960206,0.999181,0.0163364
"881",-0.00436375,0.999052,-0.0118902
"882",-0.00529695,0.999133,-0.0051631
"883",-0.010605,0.999271,-0.00962569
"884",0.00505894,0.999523,0.0164251
"885",-0.0060213,0.999122,-0.0131339
"886",-0.00866012,0.999077,0.00473199
"887",0.0114212,0.999474,-0.00287226
"888",0.00953236,0.999739,0.00703748
"889",0.00872975,0.999433,-0.00907687
"890",-0.0112252,0.999462,-0.0147615
"891",0.00344751,0.998987,0.0129024
"892",-0.00916081,0.999235,-0.00378881
"893",-0.00758263,0.999148,-0.0145082
"894",0.010071,0.99946,0.0111768
"895",0.00075353,0.99953,0.0163106
"896",0.0111642,0.999536,-0.00279654
"897",-0.0051574,0.998907,-0.0103942
"898",0.0110844,0.9995,-0.00536216
"899",0.0138195,0.999354,0.0172901
"900",0.00581208,0.99958,0.0122059
"901",0.00669299,0.999351,0.0108015
"902",0.000266593,0.999134,-0.00789547
"903",0.0090027,0.999159,-0.00739034
"904",-0.0126499,0.999172,-0.0023805
"905",0.0150433,0.999527,0.00134289
"906",0.0112917,0.999145,0.00930433
"907",-0.010413,0.998884,-0.0147897
"908",-0.014959,0.999377,-0.012837
"909",0.00728509,0.999325,0.0120492
"910",0.00168055,0.998839,-0.00752406
"911",0.0122201,0.999123,-0.00504262
"912",-0.0121925,0.99901,0.00620533
"913",0.00944764,0.999697,0.00121035
"914",-0.0122163,0.999357,-0.0133836
"915",0.00865232,0.999355,0.00050784
"916",0.00538519,0.999211,0.00689729
"917",0.000440702,0.998642,-0.00837967
"918",0.011374,0.999459,-0.00337806
"919",-0.00446364,0.998859,-0.00766226
"920",-0.00603399,0.998919,-0.0113849
"921",-0.0115015,0.99925,-0.0141427
"922",-0.0118504,0.999514,0.00812683
"923",-0.0101857,0.999502,-0.0114498
"924",0.0107716,0.999446,0.0142208
"925",0.0066677,0.999285,0.0146576
"926",-0.0112401,0.999831,-0.0172141
"927",0.00251557,0.998892,0.00193037
"928",-0.00883647,0.999125,-0.0124227
"929",0.00914032,0.99913,0.00523985
"930",-0.0103053,0.999459,-0.0152734
"931",0.00669301,0.999238,0.0159749
"932",-0.00903733,0.999337,-0.012181
"933",0.00960383,0.998932,0.0173814
"934",-0.0117899,0.998827,0.00921069
"935",-0.0115143,0.999069,0.00135288
"936",-0.0123221,0.99947,0.0103886
"937",-0.00915009,0.999427,-0.00981696
"938",0.0105605,0.998965,0.000579503
"939",-0.00171262,0.99916,-0.00392444
"940",-0.0105903,0.999187,-0.0146389
"941",0.00220573,0.999217,-0.0019413
"942",-0.00925812,0.999052,-0.00706392
"943",0.000712024,0.999465,0.0141444
"944",0.00822135,0.999441,0.0164425
"945",0.00386151,0.999543,0.00342291
"946",0.00788913,0.999244,-0.00217077
"947",0.0137255,0.999351,0.00372471
"948",0.0116222,0.999551,0.0143123
"949",-0.0108149,0.998959,0.00598041
"950",-0.0132964,0.999603,-0.0169601
"951",0.00776529,0.998981,0.0119786
"952",-0.0112551,0.998941,0.00600667
"953",0.0116316,0.999028,-0.00255572
"954",0.00445684,0.998997,0.0109489
"955",-0.0106492,0.999118,-0.0101208
"956",0.000735023,0.999062,0.00349036
"957",-0.00985007,0.999294,-0.0111538
"958",0.00589535,0.999224,0.0101501
"959",-0.0129448,0.999404,0.00118272
"960",0.00744443,0.999278,0.0160199
"961",-0.0128938,0.999331,0.00534449
"962",-0.00839671,0.999122,-0.0139033
"963",0.00024661,0.999259,-0.00818325
"964",0.00438705,0.999122,-0.00225444
"965",0.01174,0.999199,0.00060402
"966",-0.00814325,0.999037,-0.00541786
"967",-0.0106478,0.999095,-0.000631369
"968",-0.00335128,0.999706,-0.0090185
"969",-0.00831871,0.999011,-0.0119341
"970",0.00268172,0.999116,-0.0108246
"971",-0.013402,0.999936,0.00270868
"972",-0.00435771,0.999397,-0.0107008
"973",0.0100452,0.999261,0.00378837
"974",-0.0084738,0.999092,-0.0111753
"975",0.010947,0.99983,0.0136615
"976",-0.0094117,0.999717,-0.00716797
"977",-0.00855108,0.999341,-0.0110328
"978",-0.00276278,0.999234,0.00825435
"979",-0.00374486,0.998904,-0.0143398
"980",0.0058024,0.99906,0.0140884
"981",-0.00927516,0.99935,0.00428354
"982",0.000918924,0.999119,-0.00193025
"983",0.0126835,0.999208,0.0065938
"984",-0.0114078,0.9993,-0.0132364
"985",0.00450482,0.999492,-0.0117671
"986",0.00365485,0.999062,0.0171351
"987",0.007484,0.999252,0.00820709
"988",-0.0110934,0.99924,-0.0132937
"989",-0.0102018,0.999139,-0.011076
"990",-0.00439044,0.9991,-0.00417457
"991",-0.00537177,0.999107,0.00969905
"992",-0.0125314,0.999207,0.00918442
"993",0.0104415,0.999557,0.0153595
"994",0.00652125,0.9992,-0.0114757
"995",0.0102825,0.999044,7.76123e-05
"996",-0.00448487,0.998925,-0.0107744
"997",0.00793424,0.999399,-0.00643586
"998",0.0101998,0.999549,0.0130762
"999",0.0141797,0.999599,0.0131434
"1000",0.0159714,0.999906,-0.000386752
"1001",0.643195,0.832232,0.839924
"1002",0.639028,0.8377,0.83478
"1003",0.663487,0.84686,0.846531
"1004",0.663955,0.846571,0.844727
"1005",0.645905,0.840721,0.837151
"1006",0.657529,0.845061,0.84099
"1007",0.635142,0.836241,0.83346
"1008",0.661157,0.846003,0.843942
"1009",0.636512,0.836871,0.83535
"1010",0.63896,0.833263,0.838516
"1011",0.632077,0.832861,0.835792
"1012",0.6481,0.841815,0.834003
"1013",0.63325,0.836062,0.834764
"1014",0.63884,0.838451,0.831671
"1015",0.637244,0.834938,0.837253
"1016",0.662951,0.84668,0.843073
"1017",0.665031,0.846844,0.846411
"1018",0.633054,0.833365,0.836144
"1019",0.654774,0.843798,0.839953
"1020",0.640385,0.838534,0.834863
"1021",0.635393,0.83193,0.837242
"1022",0.643662,0.840205,0.829587
"1023",0.664965,0.846894,0.847252
"1024",0.633855,0.832433,0.836416
"1025",0.652466,0.8316,0.842654
"1026",0.662549,0.841964,0.846211
"1027",0.664269,0.845861,0.847004
"1028",0.633587,0.832715,0.83606
"1029",0.642813,0.839341,0.832462
"1030",0.635645,0.835444,0.836172
"1031",0.663988,0.845433,0.847199
"1032",0.632268,0.832755,0.835646
"1033",0.661775,0.846365,0.840767
"1034",0.659802,0.841462,0.845112
"1035",0.64246,0.839249,0.832481
"1036",0.630972,0.830521,0.835091
"1037",0.631669,0.833712,0.835389
"1038",0.64181,0.838794,0.831816
"1039",0.663814,0.846665,0.846363
"1040",0.638932,0.833283,0.837848
"1041",0.664807,0.846774,0.846962
"1042",0.661504,0.84603,0.843048
"1043",0.632983,0.834177,0.835833
"1044",0.637181,0.836857,0.836931
"1045",0.650644,0.834325,0.843005
"1046",0.631268,0.83409,0.835079
"1047",0.636386,0.83664,0.835419
"1048",0.651008,0.833098,0.842778
"1049",0.642335,0.838401,0.833509
"1050",0.664338,0.846733,0.845459
"1051",0.644975,0.834536,0.840233
"1052",0.659062,0.845179,0.845168
"1053",0.642114,0.839651,0.834286
"1054",0.645612,0.835022,0.840977
"1055",0.668698,0.847928,0.845008
"1056",0.634075,0.83629,0.834918
"1057",0.662893,0.846207,0.845882
"1058",0.665029,0.845407,0.846506
"1059",0.660341,0.845718,0.841931
"1060",0.649047,0.836684,0.842107
"1061",0.667831,0.844675,0.847765
"1062",0.661182,0.845834,0.844275
"1063",0.644601,0.838062,0.840399
"1064",0.638736,0.832134,0.838161
"1065",0.656743,0.842009,0.844132
"1066",0.643722,0.837104,0.84006
"1067",0.639978,0.837661,0.832737
"1068",0.634734,0.836093,0.83585
"1069",0.641108,0.837441,0.839183
"1070",0.638071,0.83577,0.838053
"1071",0.661879,0.846587,0.846177
"1072",0.625039,0.831165,0.832899
"1073",0.664497,0.846554,0.845701
"1074",0.635159,0.833937,0.83633
"1075",0.651626,0.832836,0.84256
"1076",0.653372,0.843012,0.838946
"1077",0.665194,0.846695,0.846351
"1078",0.653661,0.835872,0.843668
"1079",0.651044,0.838763,0.842498
"1080",0.662466,0.846337,0.84215
"1081",0.640096,0.838599,0.837534
"1082",0.649057,0.84137,0.836244
"1083",0.64173,0.839101,0.837599
"1084",0.644757,0.840409,0.835892
"1085",0.656951,0.841481,0.84466
"1086",0.638912,0.83704,0.838373
"1087",0.636524,0.831754,0.837683
"1088",0.665364,0.847718,0.84358
"1089",0.652919,0.830862,0.843742
"1090",0.655962,0.844422,0.843643
"1091",0.635071,0.837309,0.83288
"1092",0.659703,0.845069,0.844399
"1093",0.636326,0.832603,0.837459
"1094",0.652563,0.842148,0.843155
"1095",0.63092,0.833655,0.834545
"1096",0.636109,0.835483,0.836241
"1097",0.645715,0.839876,0.835588
"1098",0.639492,0.832497,0.838379
"1099",0.649455,0.841927,0.832714
"1100",0.662654,0.841585,0.84574
"1101",0.661573,0.846081,0.843346
"1102",0.656787,0.842477,0.844279
"1103",0.647408,0.835427,0.84126
"1104",0.63042,0.832086,0.834478
"1105",0.654446,0.843042,0.843694
"1106",0.657536,0.839465,0.844348
"1107",0.651057,0.83301,0.84253
"1108",0.634471,0.836643,0.836422
"1109",0.648016,0.838155,0.841762
"1110",0.650493,0.842546,0.832483
"1111",0.663371,0.846871,0.843073
"1112",0.663619,0.847072,0.843953
"1113",0.6417,0.835247,0.83973
"1114",0.662483,0.84577,0.846681
"1115",0.665184,0.846776,0.843505
"1116",0.654782,0.844098,0.839378
"1117",0.652776,0.843056,0.84036
"1118",0.664509,0.846996,0.843566
"1119",0.663001,0.847129,0.841648
"1120",0.649878,0.839153,0.842255
"1121",0.662224,0.844908,0.846628
"1122",0.66048,0.844943,0.840308
"1123",0.665198,0.847459,0.844071
"1124",0.631915,0.8338,0.834494
"1125",0.66393,0.84642,0.844094
"1126",0.659264,0.844612,0.843011
"1127",0.634086,0.833346,0.836206
"1128",0.658291,0.84304,0.844914
"1129",0.665628,0.847068,0.8446
"1130",0.662331,0.846439,0.842406
"1131",0.666856,0.847133,0.847412
"1132",0.6329,0.832246,0.835836
"1133",0.651707,0.834104,0.842919
"1134",0.654294,0.836529,0.843338
"1135",0.632567,0.833156,0.835305
"1136",0.649618,0.836379,0.842229
"1137",0.665582,0.846426,0.847153
"1138",0.660248,0.842709,0.845271
"1139",0.636358,0.830267,0.837623
"1140",0.64266,0.839436,0.835425
"1141",0.645362,0.840034,0.835557
"1142",0.665001,0.847248,0.843238
"1143",0.640146,0.838912,0.838388
"1144",0.660709,0.845449,0.844608
"1145",0.656068,0.844606,0.843043
"1146",0.638154,0.835641,0.83802
"1147",0.640881,0.832291,0.838565
"1148",0.633453,0.833981,0.835932
"1149",0.641288,0.839175,0.834434
"1150",0.633623,0.835462,0.836256
"1151",0.665928,0.844949,0.847536
"1152",0.636499,0.836898,0.835136
"1153",0.638437,0.837821,0.831969
"1154",0.647839,0.831381,0.841201
"1155",0.662639,0.846495,0.841749
"1156",0.661664,0.843894,0.845986
"1157",0.645654,0.83215,0.840814
"1158",0.657365,0.840797,0.844689
"1159",0.663665,0.846721,0.843269
"1160",0.661202,0.846509,0.84157
"1161",0.650505,0.833731,0.84223
"1162",0.638314,0.837785,0.83667
"1163",0.658483,0.845162,0.843903
"1164",0.662645,0.84474,0.846283
"1165",0.62862,0.834042,0.833812
"1166",0.659596,0.845279,0.843677
"1167",0.64777,0.832061,0.841462
"1168",0.644766,0.839695,0.840422
"1169",0.663466,0.846708,0.843314
"1170",0.639664,0.831711,0.838202
"1171",0.657056,0.844886,0.839855
"1172",0.653461,0.838855,0.843782
"1173",0.641267,0.834456,0.838719
"1174",0.663978,0.846984,0.843542
"1175",0.632417,0.833834,0.835891
"1176",0.639095,0.838706,0.838409
"1177",0.661857,0.845731,0.84151
"1178",0.633943,0.835682,0.829699
"1179",0.628893,0.829619,0.834406
"1180",0.638388,0.837462,0.834366
"1181",0.631931,0.831567,0.835052
"1182",0.666723,0.847777,0.844374
"1183",0.658681,0.844633,0.842232
"1184",0.655194,0.844263,0.842883
"1185",0.640148,0.838354,0.834338
"1186",0.6425,0.838693,0.836729
"1187",0.660075,0.84561,0.844373
"1188",0.662678,0.846109,0.842284
"1189",0.632912,0.830105,0.836078
"1190",0.63544,0.836121,0.8347
"1191",0.662822,0.846632,0.840956
"1192",0.649511,0.841461,0.832632
"1193",0.633742,0.832255,0.836145
"1194",0.664173,0.847071,0.845763
"1195",0.655971,0.839858,0.84403
"1196",0.645266,0.834814,0.840227
"1197",0.661751,0.841532,0.845481
"1198",0.657627,0.84521,0.844859
"1199",0.661694,0.845899,0.843248
"1200",0.638707,0.838383,0.833657
"1201",0.662444,0.845937,0.842766
"1202",0.647368,0.841763,0.829985
"1203",0.637607,0.837732,0.836223
"1204",0.663922,0.846657,0.845391
"1205",0.638409,0.836975,0.838258
"1206",0.663383,0.846097,0.846667
"1207",0.662448,0.84618,0.843634
"1208",0.639939,0.838145,0.837354
"1209",0.663576,0.846894,0.844413
"1210",0.635263,0.836696,0.835579
"1211",0.668457,0.848598,0.846487
"1212",0.632591,0.831449,0.835951
"1213",0.653689,0.834692,0.843215
"1214",0.643131,0.83976,0.833109
"1215",0.66174,0.845085,0.845724
"1216",0.642159,0.838821,0.835306
"1217",0.665962,0.847923,0.843954
"1218",0.669275,0.848286,0.84405
"1219",0.653048,0.842951,0.842252
"1220",0.647984,0.836234,0.841299
"1221",0.655312,0.843626,0.843208
"1222",0.66527,0.8469,0.84515
"1223",0.661609,0.846194,0.840542
"1224",0.654376,0.831857,0.843381
"1225",0.661288,0.846272,0.844111
"1226",0.634595,0.83551,0.836482
"1227",0.662463,0.844162,0.846185
"1228",0.661112,0.844218,0.845861
"1229",0.628606,0.82991,0.834636
"1230",0.657857,0.844914,0.83967
"1231",0.66225,0.846133,0.840829
"1232",0.659726,0.845395,0.841599
"1233",0.664844,0.847125,0.846692
"1234",0.638029,0.834328,0.837286
"1235",0.656376,0.840267,0.844661
"1236",0.652707,0.835404,0.843009
"1237",0.63338,0.832976,0.836362
"1238",0.651917,0.834999,0.842888
"1239",0.660897,0.844318,0.846574
"1240",0.670491,0.849166,0.846886
"1241",0.647426,0.841556,0.840301
"1242",0.652774,0.834476,0.842998
"1243",0.65816,0.844789,0.841348
"1244",0.664495,0.846784,0.846046
"1245",0.650981,0.833096,0.842088
"1246",0.654466,0.834732,0.843652
"1247",0.651501,0.842877,0.839856
"1248",0.659148,0.845166,0.844991
"1249",0.637083,0.837054,0.836813
"1250",0.637751,0.837587,0.832026
"1251",0.638637,0.836883,0.837996
"1252",0.632476,0.832143,0.835219
"1253",0.639101,0.836143,0.838048
"1254",0.64339,0.834225,0.839651
"1255",0.641714,0.839014,0.829557
"1256",0.636667,0.832995,0.837206
"1257",0.655263,0.839438,0.844084
"1258",0.634928,0.835711,0.836457
"1259",0.657837,0.83932,0.844199
"1260",0.626585,0.829057,0.833249
"1261",0.63548,0.836159,0.834609
"1262",0.656972,0.841283,0.844109
"1263",0.660227,0.842205,0.845131
"1264",0.661809,0.845678,0.842424
"1265",0.662774,0.846512,0.844922
"1266",0.667921,0.84831,0.846844
"1267",0.659183,0.845238,0.844151
"1268",0.662865,0.846465,0.844407
"1269",0.659996,0.843615,0.845793
"1270",0.635279,0.835217,0.837226
"1271",0.657143,0.839456,0.844454
"1272",0.644411,0.839984,0.839674
"1273",0.664069,0.845591,0.846501
"1274",0.667874,0.847649,0.846693
"1275",0.632015,0.829322,0.834769
"1276",0.634907,0.834478,0.83675
"1277",0.664176,0.846894,0.845025
"1278",0.634563,0.834481,0.836003
"1279",0.653857,0.837991,0.843544
"1280",0.640178,0.837909,0.835357
"1281",0.666067,0.847307,0.84525
"1282",0.64584,0.840633,0.832934
"1283",0.665485,0.84714,0.84316
"1284",0.667655,0.847645,0.847288
"1285",0.657452,0.844312,0.842422
"1286",0.640786,0.836675,0.838478
"1287",0.665285,0.846841,0.846225
"1288",0.647688,0.834629,0.84197
"1289",0.637839,0.836653,0.837883
"1290",0.640296,0.832065,0.838714
"1291",0.659962,0.843905,0.845376
"1292",0.638678,0.838321,0.830482
"1293",0.662959,0.846703,0.844477
"1294",0.639252,0.83856,0.832795
"1295",0.647888,0.838121,0.841426
"1296",0.660822,0.845853,0.84271
"1297",0.641443,0.838744,0.835809
"1298",0.643398,0.836355,0.83941
"1299",0.661564,0.846239,0.845151
"1300",0.653183,0.843256,0.8388
"1301",0.658511,0.84491,0.844984
"1302",0.665064,0.846935,0.847078
"1303",0.637027,0.837156,0.835791
"1304",0.651774,0.842524,0.837189
"1305",0.644634,0.837284,0.839913
"1306",0.663827,0.846901,0.843536
"1307",0.652347,0.832951,0.842493
"1308",0.66261,0.846213,0.843763
"1309",0.645733,0.836799,0.840344
"1310",0.6369,0.835246,0.837288
"1311",0.648581,0.832504,0.841536
"1312",0.66077,0.846249,0.843199
"1313",0.643788,0.840287,0.834219
"1314",0.664671,0.843968,0.847094
"1315",0.636062,0.835523,0.836237
"1316",0.653637,0.841996,0.843633
"1317",0.645942,0.832704,0.840739
"1318",0.661616,0.846141,0.844465
"1319",0.642214,0.839371,0.828285
"1320",0.661692,0.846155,0.842631
"1321",0.632812,0.834841,0.836117
"1322",0.637072,0.833002,0.837114
"1323",0.647388,0.841612,0.833602
"1324",0.652447,0.836602,0.842609
"1325",0.665079,0.847398,0.843956
"1326",0.659896,0.845452,0.845774
"1327",0.665062,0.846523,0.84635
"1328",0.657556,0.844682,0.844793
"1329",0.653927,0.833347,0.842908
"1330",0.651281,0.842506,0.83318
"1331",0.637972,0.83548,0.837944
"1332",0.639935,0.830826,0.838411
"1333",0.641119,0.837921,0.837418
"1334",0.658184,0.842377,0.845516
"1335",0.65492,0.843757,0.839909
"1336",0.642605,0.839538,0.833769
"1337",0.629615,0.834574,0.832664
"1338",0.636058,0.835005,0.836951
"1339",0.643343,0.839571,0.830657
"1340",0.636531,0.837621,0.837108
"1341",0.643613,0.839743,0.836663
"1342",0.647723,0.833173,0.841881
"1343",0.656596,0.838063,0.844124
"1344",0.657371,0.84491,0.841325
"1345",0.665024,0.846963,0.845427
"1346",0.654297,0.839825,0.844069
"1347",0.634351,0.833707,0.836406
"1348",0.642695,0.839336,0.837425
"1349",0.634524,0.835802,0.834419
"1350",0.654813,0.839369,0.8437
"1351",0.660838,0.845623,0.841001
"1352",0.643403,0.839671,0.830185
"1353",0.631395,0.832853,0.835093
"1354",0.648369,0.841377,0.833822
"1355",0.660567,0.844359,0.845904
"1356",0.665293,0.847068,0.844632
"1357",0.637492,0.837125,0.834357
"1358",0.643822,0.839602,0.833372
"1359",0.665266,0.846554,0.846646
"1360",0.657372,0.84446,0.843521
"1361",0.640715,0.838415,0.836989
"1362",0.636845,0.831596,0.837247
"1363",0.645138,0.834224,0.840544
"1364",0.634332,0.833381,0.836066
"1365",0.660684,0.843016,0.84569
"1366",0.63326,0.833797,0.835663
"1367",0.663553,0.846816,0.843631
"1368",0.657779,0.84419,0.844577
"1369",0.6566,0.84446,0.844778
"1370",0.633584,0.831213,0.835527
"1371",0.651976,0.833647,0.842739
"1372",0.66278,0.845921,0.84606
"1373",0.638657,0.836762,0.837954
"1374",0.635281,0.832148,0.836721
"1375",0.659871,0.845309,0.84155
"1376",0.642338,0.839626,0.830446
"1377",0.665607,0.846519,0.847083
"1378",0.66666,0.847692,0.845811
"1379",0.663059,0.846418,0.84055
"1380",0.664095,0.846907,0.845402
"1381",0.663973,0.846812,0.845127
"1382",0.650177,0.833006,0.842222
"1383",0.641838,0.838709,0.837346
"1384",0.645052,0.831177,0.840342
"1385",0.653734,0.843301,0.841535
"1386",0.639341,0.838266,0.835193
"1387",0.653177,0.843382,0.837508
"1388",0.650686,0.835468,0.84257
"1389",0.664709,0.846605,0.845939
"1390",0.646564,0.831132,0.841283
"1391",0.654754,0.839885,0.843397
"1392",0.641109,0.836428,0.839211
"1393",0.658843,0.843491,0.845127
"1394",0.664423,0.847249,0.846555
"1395",0.635695,0.836861,0.834669
"1396",0.656243,0.841742,0.844517
"1397",0.670283,0.848898,0.843643
"1398",0.642853,0.838967,0.837469
"1399",0.654609,0.843678,0.839155
"1400",0.653272,0.836461,0.843562
"1401",0.629662,0.832133,0.834388
"1402",0.663024,0.846357,0.846237
"1403",0.667561,0.84822,0.843728
"1404",0.665816,0.847745,0.845267
"1405",0.662036,0.845918,0.845186
"1406",0.658807,0.841473,0.844518
"1407",0.660146,0.845718,0.839893
"1408",0.651673,0.834461,0.842527
"1409",0.664641,0.846856,0.844109
"1410",0.638477,0.83833,0.829446
"1411",0.658644,0.84489,0.841027
"1412",0.633682,0.832813,0.835552
"1413",0.632478,0.834288,0.835881
"1414",0.643463,0.833243,0.840087
"1415",0.667141,0.847307,0.844241
"1416",0.632204,0.835551,0.835415
"1417",0.635332,0.836161,0.836506
"1418",0.662176,0.846508,0.843297
"1419",0.631257,0.833067,0.835187
"1420",0.664359,0.847144,0.846005
"1421",0.661114,0.84596,0.841508
"1422",0.650562,0.833894,0.842265
"1423",0.643755,0.835292,0.839743
"1424",0.660041,0.844457,0.845895
"1425",0.654047,0.840873,0.843416
"1426",0.641712,0.838437,0.836091
"1427",0.664352,0.846932,0.846167
"1428",0.633786,0.83352,0.836355
"1429",0.634302,0.833526,0.836468
"1430",0.646631,0.834968,0.840972
"1431",0.665964,0.847782,0.844743
"1432",0.629135,0.832226,0.83425
"1433",0.659515,0.845305,0.841876
"1434",0.651356,0.833918,0.842477
"1435",0.65957,0.842748,0.845356
"1436",0.631997,0.832233,0.835816
"1437",0.657151,0.844568,0.837958
"1438",0.665778,0.847877,0.844471
"1439",0.656059,0.843959,0.839871
"1440",0.643923,0.840417,0.835744
"1441",0.644557,0.840341,0.830217
"1442",0.658039,0.844741,0.844129
"1443",0.63856,0.837512,0.837319
"1444",0.637563,0.836436,0.837288
"1445",0.659555,0.845504,0.844138
"1446",0.632065,0.835558,0.831479
"1447",0.646668,0.841282,0.836469
"1448",0.652631,0.833168,0.842902
"1449",0.633543,0.835851,0.836168
"1450",0.643399,0.833581,0.839574
"1451",0.647238,0.836292,0.840638
"1452",0.653323,0.839024,0.8436
"1453",0.647327,0.841913,0.835758
"1454",0.637088,0.83123,0.837468
"1455",0.653872,0.8355,0.842464
"1456",0.652119,0.831871,0.843134
"1457",0.655859,0.844581,0.840331
"1458",0.659745,0.845761,0.844545
"1459",0.663106,0.846736,0.841554
"1460",0.643235,0.839558,0.83347
"1461",0.662765,0.84683,0.844545
"1462",0.658911,0.845162,0.843186
"1463",0.660266,0.845725,0.84188
"1464",0.661187,0.846227,0.846032
"1465",0.639015,0.832111,0.838124
"1466",0.633407,0.832791,0.835951
"1467",0.637595,0.837331,0.836054
"1468",0.632026,0.833008,0.83588
"1469",0.631931,0.833204,0.834917
"1470",0.665867,0.847229,0.845168
"1471",0.631642,0.832225,0.835625
"1472",0.666493,0.847022,0.844449
"1473",0.632682,0.833531,0.835384
"1474",0.640932,0.838862,0.833222
"1475",0.640645,0.837955,0.838508
"1476",0.6461,0.835939,0.841274
"1477",0.64236,0.839674,0.830472
"1478",0.662768,0.846695,0.844266
"1479",0.650539,0.831916,0.842939
"1480",0.631396,0.83265,0.835328
"1481",0.660972,0.844151,0.845555
"1482",0.648219,0.841406,0.831412
"1483",0.645861,0.831979,0.840594
"1484",0.6552,0.837471,0.843791
"1485",0.665305,0.846613,0.844884
"1486",0.633249,0.830825,0.836364
"1487",0.638915,0.837999,0.829901
"1488",0.660266,0.845725,0.84188
"1489",0.643005,0.839849,0.836538
"1490",0.66461,0.846427,0.843726
"1491",0.664876,0.847495,0.844396
"1492",0.659063,0.845374,0.840998
"1493",0.657293,0.843266,0.843704
"1494",0.635574,0.836203,0.836794
"1495",0.65593,0.839905,0.844085
"1496",0.643516,0.833799,0.840162
"1497",0.66097,0.846054,0.841206
"1498",0.643772,0.840073,0.837934
"1499",0.654177,0.837905,0.843629
"1500",0.641506,0.839383,0.831543
"1501",-0.0120603,0.122945,-0.00634324
"1502",0.0122614,0.121279,0.00807422
"1503",0.0035881,0.122283,-0.00876049
"1504",-0.000338748,0.121719,-0.00718807
"1505",0.0105882,0.122262,0.00747891
"1506",0.00666434,0.121756,-0.00904983
"1507",-0.0113334,0.12205,-0.00641947
"1508",0.00774373,0.122411,0.0100248
"1509",0.0073188,0.121397,0.00650671
"1510",0.00549318,0.1217,0.00888362
"1511",-0.00126589,0.12162,-0.00795729
"1512",-0.00027941,0.121538,-0.00845872
"1513",0.00623231,0.121598,0.00737387
"1514",0.00522039,0.121822,0.00806279
"1515",0.00885311,0.122142,0.00882125
"1516",0.00752829,0.122428,0.0082574
"1517",0.0058031,0.121672,0.000448315
"1518",0.00658058,0.122098,0.00395598
"1519",-0.00243373,0.122094,0.0100579
"1520",-0.0107897,0.122049,-0.00501793
"1521",0.0140721,0.122889,0.00439774
"1522",-0.00718663,0.122519,0.00169646
"1523",-0.00794341,0.122147,-0.00882915
"1524",0.000338888,0.122016,0.00742954
"1525",0.0107908,0.122537,0.00865515
"1526",0.00256252,0.121535,-0.00545495
"1527",-0.0103241,0.122059,0.00227539
"1528",0.00768955,0.122264,0.00868259
"1529",-0.01205,0.122309,-0.00483815
"1530",-0.000798906,0.121609,-0.000152371
"1531",0.00895561,0.121776,0.00969954
"1532",0.0109892,0.121429,0.00670826
"1533",-0.00289381,0.122069,-0.00657838
"1534",0.00941973,0.121989,0.0053487
"1535",-0.00837861,0.121931,-0.00163392
"1536",0.0134327,0.121948,0.00975386
"1537",-0.00434032,0.122356,0.00759299
"1538",0.0117891,0.121945,0.0104792
"1539",-0.00489318,0.121505,0.00778667
"1540",0.0135419,0.122002,0.00265685
"1541",-0.0125105,0.12198,-0.00841518
"1542",-0.0123726,0.12241,-0.00702771
"1543",-0.0067889,0.121674,0.011184
"1544",0.00438371,0.121474,0.0101472
"1545",-0.00499766,0.12184,0.00563551
"1546",0.0098949,0.121632,0.00897612
"1547",-0.00482748,0.121625,0.000474323
"1548",-0.00656092,0.12122,0.00412193
"1549",-0.0058106,0.122421,-0.0021438
"1550",-0.00567337,0.122032,-0.00315957
"1551",-0.00603398,0.121833,-0.00515501
"1552",0.00887838,0.121514,0.00561647
"1553",-0.00645253,0.121398,0.0109981
"1554",0.010558,0.122305,0.0047985
"1555",-0.0114862,0.122037,-0.00817863
"1556",-0.00873715,0.122252,-0.0049042
"1557",-0.00903356,0.122,-0.00338362
"1558",-0.00206959,0.121705,-0.00938945
"1559",0.00959894,0.122239,0.00851664
"1560",0.00259016,0.121742,-0.00372705
"1561",0.0108728,0.122021,-0.00785974
"1562",-0.011201,0.121972,-0.0066575
"1563",0.00962506,0.121798,0.00648173
"1564",-0.00432149,0.12219,0.0071837
"1565",0.0117654,0.122523,0.00732185
"1566",0.0134342,0.121999,0.00810208
"1567",-0.00386368,0.122934,0.00892024
"1568",0.00765625,0.12182,0.00981181
"1569",-0.00263505,0.121626,0.00928962
"1570",-0.0100758,0.122365,-0.00385582
"1571",0.00302026,0.122471,-0.00798477
"1572",0.00304293,0.12178,0.0100964
"1573",-0.00361783,0.122021,-0.000580462
"1574",-0.0112529,0.121674,-0.0101495
"1575",0.00851231,0.121988,0.00558374
"1576",-0.00412132,0.122123,-0.00308051
"1577",0.0104013,0.121792,0.00588623
"1578",0.00801983,0.121822,0.00850792
"1579",-0.00533387,0.122466,0.00667662
"1580",-0.0061971,0.122225,-0.00501894
"1581",-0.00641535,0.121998,0.00219482
"1582",0.00434518,0.121785,-0.0103781
"1583",-0.00308571,0.1222,-0.00773916
"1584",-0.0149883,0.1221,-0.00957748
"1585",0.00697186,0.12192,0.00408741
"1586",-0.0106052,0.122132,-0.00763169
"1587",-0.00820792,0.121955,-0.00311575
"1588",-0.00715957,0.121741,-0.00828566
"1589",-0.0104894,0.122107,-0.0057129
"1590",0.00807315,0.122544,0.00179639
"1591",-0.00873111,0.121936,-0.00834005
"1592",-0.00752973,0.122287,-0.00782064
"1593",-0.000532285,0.121688,0.00738023
"1594",-0.00948861,0.121945,-0.0075838
"1595",-0.00277615,0.122141,0.00660595
"1596",-0.00176719,0.122086,-0.00584803
"1597",-0.00269294,0.121251,0.00083837
"1598",-0.00962375,0.122175,-0.000360883
"1599",0.000191185,0.121493,0.00877942
"1600",-0.00569363,0.121797,0.00877024
"1601",-0.00415355,0.121835,0.00609303
"1602",-0.00827866,0.122065,-0.0067443
"1603",-0.00619018,0.122703,-0.00115902
"1604",-0.00253469,0.122207,0.00241745
"1605",0.0102123,0.122173,0.00712035
"1606",-0.0077439,0.121563,-0.00342811
"1607",0.00684387,0.122296,0.0032321
"1608",0.00563913,0.122277,0.00836894
"1609",0.00491649,0.121604,0.010373
"1610",0.00738439,0.122417,0.00351933
"1611",-0.0055945,0.122084,-0.00666095
"1612",-0.00583029,0.12199,-9.88715e-05
"1613",0.0112223,0.122054,0.00974127
"1614",-0.0121215,0.122426,-0.00731596
"1615",0.00139174,0.121698,0.00959014
"1616",0.00998755,0.12195,0.00451537
"1617",0.0123403,0.122479,0.00701142
"1618",-0.00486264,0.122404,0.0097487
"1619",-0.0122563,0.121706,-0.0108228
"1620",0.0124848,0.121919,0.00862375
"1621",0.00327509,0.122001,-0.000221518
"1622",0.00193656,0.121967,-0.00403128
"1623",-0.0109724,0.122262,-0.00955136
"1624",-0.0124894,0.121898,-0.00786831
"1625",-0.010398,0.12205,-0.00890517
"1626",-0.00511299,0.12191,-0.00953052
"1627",-0.00416286,0.121547,-0.00870246
"1628",0.00370287,0.122296,0.00523244
"1629",-0.0134836,0.122042,-0.00902379
"1630",-0.00673836,0.122478,0.00539472
"1631",-0.00791714,0.122555,0.00992747
"1632",-0.00479168,0.122256,0.00909603
"1633",0.00628263,0.122319,-0.00150804
"1634",-0.00795005,0.122173,-0.000906513
"1635",0.0138603,0.122881,0.00460573
"1636",0.00392952,0.122667,0.0109486
"1637",0.00609425,0.121294,0.00643761
"1638",0.00135491,0.121868,-0.00689595
"1639",-0.00549199,0.122093,0.00233222
"1640",0.0128032,0.122776,0.0114578
"1641",-0.0139573,0.122228,-0.010377
"1642",-0.00176878,0.122272,-0.00637666
"1643",-0.000188351,0.121409,0.0087381
"1644",0.00723726,0.121763,0.00747585
"1645",0.00264857,0.121881,-0.00741309
"1646",0.011089,0.122129,0.00612797
"1647",-0.00486062,0.121812,0.00573955
"1648",0.00237714,0.121784,-0.0106539
"1649",0.00719881,0.12207,0.00465614
"1650",-0.0118418,0.121995,-0.00948733
"1651",-0.000264429,0.122098,0.00772967
"1652",-0.00307879,0.121887,-0.00722828
"1653",-0.00771083,0.12229,-0.00514802
"1654",0.00272947,0.121395,-0.0069722
"1655",0.0114895,0.122083,0.00737915
"1656",-0.00855692,0.122004,-0.00843711
"1657",0.00573949,0.121947,-0.00637525
"1658",0.0100231,0.12183,0.00861556
"1659",-0.00449702,0.121618,0.00634881
"1660",0.0126222,0.12158,0.00906554
"1661",-0.00283606,0.122331,-0.00878776
"1662",-0.0109835,0.12197,-0.00659286
"1663",-0.000655358,0.121355,-0.00754175
"1664",2.41391e-05,0.122143,-0.00562479
"1665",0.00521408,0.121993,0.00849428
"1666",-0.00219557,0.121836,-0.00937293
"1667",0.0124274,0.121787,0.0102597
"1668",-0.0113961,0.122365,-0.00724133
"1669",0.00148109,0.121975,-0.000447408
"1670",-0.0135264,0.121942,-0.008046
"1671",0.0134971,0.122462,0.00283005
"1672",0.0116118,0.12278,0.00922241
"1673",-0.00915239,0.121956,-0.00855095
"1674",0.0085909,0.122524,0.00258135
"1675",-0.00306778,0.121425,0.0107546
"1676",0.00990107,0.1222,0.00886406
"1677",-0.0021375,0.121814,-0.00517718
"1678",-0.00541214,0.122036,0.00291459
"1679",-0.00282002,0.121673,0.0059098
"1680",-0.000644159,0.121816,0.00931357
"1681",0.00138671,0.122293,-0.00689087
"1682",-0.0076424,0.122258,0.0072605
"1683",-0.0069974,0.121855,-0.006292
"1684",-0.0111828,0.121956,-0.0112596
"1685",0.00688523,0.121838,0.00757307
"1686",-0.0106247,0.121661,-0.00679559
"1687",-0.00174565,0.122009,0.00842041
"1688",-0.00864853,0.121657,-0.00919119
"1689",0.00681189,0.121961,0.00927723
"1690",-0.00851714,0.121458,-0.00503382
"1691",-0.00777096,0.12221,-0.00535676
"1692",-0.00616892,0.122058,-0.0102073
"1693",-0.00442224,0.122335,0.00877505
"1694",-0.0054824,0.121576,-0.00889915
"1695",-0.00958811,0.1225,-0.00564775
"1696",-0.00834011,0.122082,-0.00241686
"1697",0.00397931,0.122248,-0.00811735
"1698",-0.00880678,0.121959,-0.0108532
"1699",-0.000371916,0.12172,0.00557273
"1700",0.00408706,0.121994,0.00273624
"1701",-0.0123424,0.122449,-0.00759163
"1702",0.00468229,0.121854,0.00139834
"1703",-0.0106537,0.12202,-0.0106186
"1704",0.00356587,0.122103,0.00870447
"1705",-0.00042087,0.12214,-0.00764593
"1706",0.0154027,0.122277,0.0106231
"1707",-0.0020633,0.121699,-0.00707556
"1708",0.00642739,0.122803,0.00511042
"1709",0.00890269,0.121349,0.00875012
"1710",-0.0051387,0.122627,-0.00809561
"1711",-0.00210072,0.122787,0.00540056
"1712",0.000583108,0.122314,0.00523643
"1713",0.00994933,0.12204,0.00794684
"1714",0.0123952,0.121855,0.00956545
"1715",0.00928362,0.12166,0.0097222
"1716",0.0043255,0.122155,0.00794083
"1717",-0.0068082,0.121768,-0.00448198
"1718",0.00375414,0.121799,-0.0098458
"1719",0.0144702,0.122927,0.00616788
"1720",-0.0100412,0.122362,-0.00511418
"1721",0.00102735,0.121329,-0.00791164
"1722",-0.00128643,0.121871,0.00724632
"1723",-1.51777e-05,0.121856,0.00545596
"1724",-0.0101917,0.122242,-0.0110497
"1725",-0.0057098,0.121484,0.0103336
"1726",0.00504609,0.121868,0.00698341
"1727",-0.010768,0.122535,-0.00674499
"1728",-0.00904128,0.122267,-0.00817921
"1729",0.0112891,0.121918,0.00689929
"1730",0.0120079,0.122094,0.00494478
"1731",-0.00782831,0.122177,-0.00566534
"1732",0.0127484,0.12159,0.0118162
"1733",-0.00695153,0.122478,-0.00302502
"1734",0.00449284,0.122233,0.0059962
"1735",0.0122298,0.122272,0.00972864
"1736",-0.00756762,0.122028,0.00197332
"1737",-0.00683136,0.121573,0.00797855
"1738",-0.0104929,0.122755,0.00295644
"1739",-0.00255787,0.122415,-0.00328186
"1740",-0.00236462,0.121813,0.0075776
"1741",-0.00668099,0.121285,0.00515779
"1742",0.00755246,0.121853,0.00578993
"1743",0.00803259,0.121832,0.0100838
"1744",0.00833824,0.12178,0.00527379
"1745",-0.00287968,0.121761,0.00604419
"1746",0.0140077,0.122408,0.00647442
"1747",-0.00725963,0.122341,-0.00341782
"1748",0.00501436,0.122356,0.00412814
"1749",0.00488802,0.121526,0.00877122
"1750",-0.00687241,0.121826,-0.00817428
"1751",0.00126362,0.121267,0.00550081
"1752",-0.000236421,0.121791,-0.0091238
"1753",-0.0115788,0.121954,-0.00995476
"1754",0.00580292,0.121505,0.00733416
"1755",-0.0135129,0.121973,-0.0123594
"1756",0.0121811,0.121588,0.00869279
"1757",0.00434234,0.122058,0.00922361
"1758",-0.0169899,0.123344,-0.00955069
"1759",-0.00631198,0.122272,-0.00320748
"1760",0.00577225,0.122622,0.00575254
"1761",0.00972318,0.122088,0.0069856
"1762",0.0074468,0.121858,0.000412093
"1763",-0.00996428,0.122129,-0.00767696
"1764",-0.0119734,0.122539,-0.0132123
"1765",-0.0139109,0.122358,-0.0103943
"1766",0.0131109,0.121854,0.00559179
"1767",0.004226,0.121726,-0.00888632
"1768",-0.0099001,0.122391,0.00276156
"1769",-0.00596368,0.122457,0.0118606
"1770",0.00915658,0.122309,0.00757229
"1771",0.00155475,0.122151,0.00800338
"1772",0.00746221,0.122172,0.00886418
"1773",0.00871151,0.12213,0.00518681
"1774",-0.00824619,0.122313,-0.00941589
"1775",0.0115709,0.121715,0.00656618
"1776",-0.00154363,0.122364,-0.00852938
"1777",0.00421677,0.12181,0.00318162
"1778",-0.0011957,0.122621,-0.00973604
"1779",-0.0129545,0.12188,-0.000317118
"1780",0.00146696,0.12188,-0.00771744
"1781",0.00594312,0.121898,0.00750721
"1782",0.0168174,0.122181,0.0107878
"1783",0.00998676,0.121943,0.00632193
"1784",0.00582087,0.122103,0.00307871
"1785",-0.0128682,0.121956,-0.0104735
"1786",-0.00221586,0.12248,-0.00329585
"1787",-0.00626097,0.121668,0.0121286
"1788",0.0127317,0.122034,0.0118261
"1789",-0.00125149,0.121782,0.00679161
"1790",0.00231056,0.121658,0.00810664
"1791",-0.0121325,0.121688,-0.0115224
"1792",4.86791e-05,0.122074,-0.00814747
"1793",-0.0169047,0.122285,-0.00908296
"1794",-0.0142923,0.121851,-0.0118858
"1795",-0.00976831,0.121799,-0.0062988
"1796",0.00309741,0.121859,-0.0124722
"1797",-0.00358154,0.12207,0.00673572
"1798",-0.00252511,0.122391,-0.00552107
"1799",-0.00927043,0.122517,-0.00620016
"1800",-0.00240699,0.122107,0.000934327
"1801",-0.00670092,0.12131,-0.00552191
"1802",-0.00702528,0.12228,-0.00264591
"1803",0.0116249,0.12198,0.0106858
"1804",0.00727193,0.122671,0.00415681
"1805",-0.00931686,0.122176,-0.00600587
"1806",0.000892267,0.121819,-0.00690411
"1807",-0.000977038,0.121339,0.00858202
"1808",0.00785283,0.122073,0.00787141
"1809",-0.0070678,0.122161,0.00182946
"1810",-0.00391381,0.121964,0.00505332
"1811",-0.00858726,0.121968,-0.00668147
"1812",0.00738046,0.122471,0.00389099
"1813",-0.00282463,0.121596,-0.00633536
"1814",-0.00131812,0.122213,-0.00563808
"1815",-0.00679751,0.121885,0.0071489
"1816",-0.000793688,0.121949,-0.00718384
"1817",-0.0135171,0.122712,-0.00513596
"1818",0.0117042,0.121589,0.00834235
"1819",0.0105698,0.122374,0.00874304
"1820",0.0118518,0.123101,0.00831414
"1821",0.0108728,0.121825,0.00924283
"1822",0.0120681,0.122348,0.00741958
"1823",0.00982083,0.122102,0.0025851
"1824",-0.0107273,0.121818,-0.007398
"1825",-0.0019733,0.121932,0.00774021
"1826",0.00350863,0.122089,-0.00730754
"1827",-0.00299086,0.122086,0.0100084
"1828",0.00580462,0.121987,-0.00992249
"1829",-0.000789447,0.12241,0.00741102
"1830",0.00760341,0.12128,0.00773314
"1831",0.0029565,0.122312,0.00797753
"1832",-0.000190684,0.122651,-0.0059573
"1833",0.00227005,0.121878,-0.0101275
"1834",-0.0109044,0.122347,-0.00887373
"1835",-0.0028201,0.12199,0.00258238
"1836",0.00671378,0.121928,0.00845528
"1837",0.0135699,0.12246,0.0109134
"1838",0.0108273,0.122361,0.00901639
"1839",0.00101542,0.121815,-0.00907855
"1840",0.00479148,0.121968,0.0108084
"1841",0.0058612,0.121804,-0.00900964
"1842",-0.00447479,0.121899,0.00922853
"1843",-0.00141949,0.121779,0.00932777
"1844",-0.0103155,0.12171,-0.0101369
"1845",0.000119,0.122146,-0.00342319
"1846",-0.00830682,0.122278,0.00399063
"1847",0.00274203,0.121891,0.00956539
"1848",0.00194021,0.121594,-0.0069489
"1849",-0.00377731,0.121939,0.00348021
"1850",-0.00297188,0.121963,0.00722362
"1851",-0.00588847,0.122192,-0.00455016
"1852",-0.00246836,0.122305,-0.00697642
"1853",0.00843532,0.122441,-0.00964731
"1854",0.000151169,0.122149,-0.0122329
"1855",0.0126968,0.121663,0.00796751
"1856",0.00919524,0.121998,0.00659782
"1857",-0.000242623,0.121487,0.0107119
"1858",0.0122179,0.122067,0.00591714
"1859",0.0122018,0.122091,0.0123545
"1860",-0.00969611,0.122176,-0.00688496
"1861",0.000547732,0.122359,0.00241284
"1862",0.00359959,0.122118,-0.00704183
"1863",-0.00169663,0.121547,-0.00154241
"1864",0.00254921,0.121716,-0.0106734
"1865",0.00377905,0.121428,-0.00586383
"1866",0.00354951,0.121861,0.00586069
"1867",0.0119167,0.122337,0.00554226
"1868",-0.00178921,0.121899,0.00750375
"1869",-0.0050127,0.122248,0.00853795
"1870",0.00915136,0.122565,-0.00698901
"1871",0.0110501,0.122399,0.00750237
"1872",-0.00793235,0.122098,-0.00753869
"1873",0.00202299,0.12191,-0.00397385
"1874",0.00801553,0.122527,0.00684628
"1875",0.00939194,0.121188,0.00872399
"1876",-0.00559929,0.12238,0.000207101
"1877",0.00988961,0.122578,0.00625142
"1878",0.00615622,0.122822,-0.00598901
"1879",-0.00564297,0.121263,0.000752914
"1880",0.00965402,0.122843,0.0051106
"1881",-0.00769859,0.122324,-0.00551195
"1882",-0.00188414,0.122277,0.00511638
"1883",0.0122374,0.122064,0.00769283
"1884",0.0049273,0.122067,0.0100964
"1885",-0.0096002,0.121933,-0.00755364
"1886",0.000398479,0.121587,-0.0021809
"1887",-0.00831273,0.121241,-0.00851898
"1888",0.00975238,0.121904,0.00729564
"1889",-0.0101079,0.122159,-0.00438641
"1890",0.00632949,0.121442,0.00867383
"1891",-0.00227243,0.1223,-0.00338293
"1892",-0.00640401,0.122369,0.00742068
"1893",-0.00964091,0.122682,0.0086513
"1894",-0.0155867,0.123102,-0.00838355
"1895",0.0111116,0.122371,0.0057252
"1896",0.00419891,0.121519,0.0038228
"1897",-0.00823735,0.122128,0.00828709
"1898",-0.0011084,0.122398,-0.00136067
"1899",0.00651731,0.121375,0.00956334
"1900",0.00645996,0.122122,0.0068156
"1901",0.00863857,0.12251,0.00273506
"1902",-0.00302687,0.121589,-0.000683295
"1903",0.00275618,0.121866,-0.00797879
"1904",-0.00934447,0.122134,-0.0081162
"1905",0.00665843,0.122149,-0.00301166
"1906",0.00897701,0.121513,0.00922453
"1907",0.00655558,0.122253,0.002744
"1908",0.00206672,0.121794,-0.00776384
"1909",0.00892328,0.121575,0.00928345
"1910",-0.00196908,0.122468,-0.00032205
"1911",-0.012485,0.122281,-0.0112266
"1912",-0.0119501,0.121937,-0.0049486
"1913",0.0127771,0.123033,0.0091233
"1914",-0.00421879,0.121984,0.00899828
"1915",-0.0013422,0.122067,0.00701664
"1916",0.0102487,0.121473,0.0119359
"1917",0.00664218,0.121299,0.0113811
"1918",-0.00505584,0.122306,-0.00142068
"1919",-0.00782291,0.121692,-0.0105356
"1920",0.0112231,0.122096,0.00399206
"1921",0.00365864,0.121881,0.00371013
"1922",-0.00374548,0.121951,0.00794905
"1923",0.0041504,0.12233,-0.00520291
"1924",-0.00286898,0.122085,0.0101668
"1925",-0.00225865,0.122609,0.00518034
"1926",-0.00612159,0.121927,0.00814036
"1927",-0.00524862,0.121346,0.00484468
"1928",-0.00870751,0.122295,-0.00481535
"1929",0.00406395,0.122095,-0.00899897
"1930",0.0048457,0.122468,0.000876789
"1931",-0.0105663,0.12203,-0.0109886
"1932",0.00020713,0.122159,0.00715586
"1933",0.00179753,0.122684,-0.00417761
"1934",0.00828988,0.122417,0.00670757
"1935",-0.00604735,0.122,-0.0105743
"1936",0.0127655,0.122307,0.0068275
"1937",-0.0111572,0.122213,-0.00703033
"1938",-0.0103694,0.122308,-0.00493332
"1939",-0.00516755,0.122695,-0.00793176
"1940",0.0127945,0.122257,0.00655197
"1941",0.0041555,0.122199,-0.00279857
"1942",-0.00988959,0.121574,-0.00533275
"1943",0.00119868,0.121843,0.00963946
"1944",0.00138257,0.121721,0.00807006
"1945",-0.0110579,0.121942,-0.00505492
"1946",0.00329863,0.122376,0.00712623
"1947",0.000218966,0.121929,0.00878475
"1948",-0.00166905,0.121818,0.00904973
"1949",0.0128673,0.122524,0.0081139
"1950",-0.00918726,0.12224,-0.00628221
"1951",-0.00728585,0.122246,-0.00465402
"1952",-0.00165978,0.121894,-0.00848448
"1953",-0.00505804,0.12234,-0.00625998
"1954",-0.0106601,0.122113,-0.0089533
"1955",-0.00216651,0.12249,0.0109009
"1956",0.00309197,0.122364,-0.0107659
"1957",0.00884958,0.121867,0.00921965
"1958",0.00998171,0.121524,0.00598048
"1959",0.000124,0.121747,-0.0043512
"1960",0.0112418,0.121882,0.00756865
"1961",0.00142438,0.122343,-0.01056
"1962",-0.00667223,0.121883,0.00498271
"1963",-0.00856441,0.121636,-0.00657041
"1964",-0.00985152,0.122056,-0.00476381
"1965",0.00358208,0.121977,-0.00385249
"1966",0.0113973,0.12179,0.00757347
"1967",-0.00799143,0.122034,0.00483933
"1968",0.0114228,0.122089,0.00709522
"1969",0.00909246,0.121941,0.00771039
"1970",-0.00426104,0.122833,-0.00747318
"1971",-0.00355592,0.12175,0.0101031
"1972",0.0140691,0.122257,0.00886045
"1973",-0.00491477,0.121482,-0.00806202
"1974",-0.00264104,0.121816,-0.00152403
"1975",0.00876215,0.122214,0.00643078
"1976",0.00938844,0.121874,-0.0124769
"1977",0.0026149,0.122377,-0.0093504
"1978",0.00964318,0.121725,0.00914855
"1979",-0.00150234,0.122317,-0.00880128
"1980",0.00763286,0.122068,0.0066823
"1981",-0.00720359,0.122153,0.0113582
"1982",-0.00981672,0.122119,-0.0040593
"1983",-0.0102596,0.122475,-0.00593916
"1984",0.000551473,0.121885,-0.00316167
"1985",0.0122013,0.12186,0.00463729
"1986",-0.00121016,0.121812,0.00357813
"1987",-0.00581133,0.122682,0.00590183
"1988",-0.00466654,0.122123,0.00981034
"1989",-0.00647668,0.122415,-0.00602753
"1990",-0.00532653,0.121924,-0.00895843
"1991",0.000820999,0.121443,0.0117815
"1992",-0.00470252,0.121832,-0.00848835
"1993",-0.00163639,0.1218,-0.00892438
"1994",-0.0104102,0.12232,0.00198362
"1995",-0.00832738,0.122172,-0.00809443
"1996",0.00977329,0.121025,0.00660285
"1997",-0.00285501,0.121905,0.00362695
"1998",0.00919242,0.121915,0.00963577
"1999",0.00833209,0.122698,-0.0119803
"2000",0.00502815,0.121684,0.00885783
